{
  "miniprogramRoot": "miniprogram/",
  "cloudfunctionRoot": "cloudfunctions/",
  "setting": {
    "urlCheck": true,
    "es6": true,
    "enhance": true,
    "postcss": true,
    "preloadBackgroundData": false,
    "minified": true,
    "newFeature": true,
    "coverView": true,
    "nodeModules": false,
    "autoAudits": true,
    "showShadowRootInWxmlPanel": true,
    "scopeDataCheck": false,
    "uglifyFileName": false,
    "checkInvalidKey": true,
    "checkSiteMap": true,
    "uploadWithSourceMap": true,
    "compileHotReLoad": true,
    "useMultiFrameRuntime": true,
    "useApiHook": true,
    "babelSetting": {
      "ignore": [],
      "disablePlugins": [],
      "outputPath": ""
    },
    "useIsolateContext": true,
    "useCompilerModule": true,
    "userConfirmedUseCompilerModuleSwitch": false,
    "packNpmManually": false,
    "packNpmRelationList": []
  },
  "appid": "wx2763b4c004b67e21",
  "projectname": "schoolRunner",
  "libVersion": "2.20.2",
  "simulatorType": "wechat",
  "simulatorPluginLibVersion": {},
  "cloudfunctionTemplateRoot": "cloudfunctionTemplate/",
  "condition": {
    "miniprogram": {
      "list": [
        {
          "name": "db guide",
          "pathName": "pages/databaseGuide/databaseGuide",
          "query": ""
        },
        {
          "name": "pages/my/my",
          "pathName": "pages/my/my",
          "query": "",
          "scene": null
        },
        {
          "name": "pages/all/all",
          "pathName": "pages/all/all",
          "query": "",
          "scene": null
        },
        {
          "name": "pages/detail/detail",
          "pathName": "pages/detail/detail",
          "query": "id=f3db088f5e86a64d004bad136d79c3ac&type=new",
          "scene": null
        },
        {
          "name": "pages/my/detail/contact/contact",
          "pathName": "pages/my/detail/contact/contact",
          "query": "",
          "scene": null
        },
        {
          "name": "pages/my/detail/pub/pub",
          "pathName": "pages/my/detail/pub/pub",
          "query": "",
          "scene": null
        },
        {
          "name": "pages/my/detail/uploadDoc/uploadDoc",
          "pathName": "pages/my/detail/uploadDoc/uploadDoc",
          "query": "",
          "scene": null
        },
        {
          "name": "pages/my/detail/invite/invite",
          "pathName": "pages/my/detail/invite/invite",
          "query": "",
          "scene": null
        },
        {
          "name": "pages/search/search",
          "pathName": "pages/search/search",
          "query": "",
          "scene": null
        },
        {
          "name": "pages/my/detail/deliver/deliver",
          "pathName": "pages/my/detail/deliver/deliver",
          "query": "",
          "scene": null
        },
        {
          "name": "pages/detail/detail",
          "pathName": "pages/detail/detail",
          "query": "id=abd27dd45f3366fb007805384e671ff0",
          "scene": null
        },
        {
          "name": "pages/my/detail/myPub/myPub",
          "pathName": "pages/my/detail/myPub/myPub",
          "query": "",
          "scene": null
        }
      ]
    }
  },
  "compileType": "miniprogram",
  "srcMiniprogramRoot": "miniprogram/",
  "packOptions": {
    "ignore": [],
    "include": []
  },
  "editorSetting": {
    "tabIndent": "insertSpaces",
    "tabSize": 2
  }
}